isocode,sub-region,sub-region-score,Year,Prosperity Growth
AFG,Southern Asia,0.2417285253131201,2008,-0.011916902330185053
AGO,Sub-Saharan Africa,0.1966062009358823,2008,0.6736416286892322
ALB,Southern Europe,0.25529253520662787,2008,1.18386798434787
ARE,Western Asia,0.11970141955784389,2008,0.5550219217936174
ARG,Latin America and the Caribbean,0.19918489028372544,2008,-0.5568728976779482
ARM,Western Asia,0.11970141955784389,2008,-0.4217537773980098
AUS,Australia and New Zealand,0.0062095399886845015,2008,0.12734391954209912
AUT,Western Europe,0.15470879310383043,2008,0.4344236585829009
AZE,Western Asia,0.11970141955784389,2008,1.609816233317055
BDI,Sub-Saharan Africa,0.1966062009358823,2008,0.07561535305447364
BEL,Western Europe,0.15470879310383043,2008,-0.140466901991104
BEN,Sub-Saharan Africa,0.1966062009358823,2008,-0.4417762756347656
BFA,Sub-Saharan Africa,0.1966062009358823,2008,0.37266943189833057
BGD,Southern Asia,0.2417285253131201,2008,0.11273108588324732
BGR,Eastern Europe,0.266389516800169,2008,0.13772201538085938
BHR,Western Asia,0.11970141955784389,2008,0.5041737026638486
BLR,Eastern Europe,0.266389516800169,2008,-0.15006807115342724
BLZ,Latin America and the Caribbean,0.19918489028372544,2008,0.23626497056748974
BOL,Latin America and the Caribbean,0.19918489028372544,2008,-0.6237860785590286
BRA,Latin America and the Caribbean,0.19918489028372544,2008,0.649150424533417
BWA,Sub-Saharan Africa,0.1966062009358823,2008,0.20170466105142992
CAF,Sub-Saharan Africa,0.1966062009358823,2008,0.4910924699571453
CAN,Northern America,0.03483581542968851,2008,0.12201266818577494
CHE,Western Europe,0.15470879310383043,2008,0.43833245171441604
CHL,Latin America and the Caribbean,0.19918489028372544,2008,-0.3375248379177549
CHN,Eastern Asia,0.10904252794053804,2008,0.27813042534722143
CIV,Sub-Saharan Africa,0.1966062009358823,2008,0.14331965976290917
CMR,Sub-Saharan Africa,0.1966062009358823,2008,-0.3723481496175083
COD,Sub-Saharan Africa,0.1966062009358823,2008,-0.7877330780029297
COG,Sub-Saharan Africa,0.1966062009358823,2008,0.10070186191134667
COL,Latin America and the Caribbean,0.19918489028372544,2008,-0.10047276814778172
COM,Sub-Saharan Africa,0.1966062009358823,2008,0.6691294776068801
CRI,Latin America and the Caribbean,0.19918489028372544,2008,-0.5895623101128535
CYP,Western Asia,0.11970141955784389,2008,0.28338877360026515
CZE,Eastern Europe,0.266389516800169,2008,0.4457439846462705
DEU,Western Europe,0.15470879310383043,2008,0.27368333604600537
DJI,Sub-Saharan Africa,0.1966062009358823,2008,0.052478790283203125
DNK,Northern Europe,0.19307814704047296,2008,0.031654781765411144
DOM,Latin America and the Caribbean,0.19918489028372544,2008,-0.7350239223904111
DZA,Northern Africa,-0.17422699802136268,2008,-0.3443806966145857
ECU,Latin America and the Caribbean,0.19918489028372544,2008,-0.7912551032172317
EGY,Northern Africa,-0.17422699802136268,2008,0.7482927110460125
ESP,Southern Europe,0.25529253520662787,2008,0.11825942993164062
EST,Northern Europe,0.19307814704047296,2008,0.4503835042317661
ETH,Sub-Saharan Africa,0.1966062009358823,2008,1.2068076663547131
FIN,Northern Europe,0.19307814704047296,2008,-0.11293284098307765
FRA,Western Europe,0.15470879310383043,2008,0.15955395168727193
GAB,Sub-Saharan Africa,0.1966062009358823,2008,0.14929495917426294
GBR,Northern Europe,0.19307814704047296,2008,-0.6260426839192661
GEO,Western Asia,0.11970141955784389,2008,1.2280171712239536
GHA,Sub-Saharan Africa,0.1966062009358823,2008,-0.5406833224826428
GIN,Sub-Saharan Africa,0.1966062009358823,2008,-0.1553340488009951
GRC,Southern Europe,0.25529253520662787,2008,0.5993465847439268
GTM,Latin America and the Caribbean,0.19918489028372544,2008,1.1599913703070754
GUY,Latin America and the Caribbean,0.19918489028372544,2008,-0.13750839233398438
HKG,Eastern Asia,0.10904252794053804,2008,-0.2332717047797246
HND,Latin America and the Caribbean,0.19918489028372544,2008,0.18606864081488794
HRV,Southern Europe,0.25529253520662787,2008,0.4261839124891509
HUN,Eastern Europe,0.266389516800169,2008,-0.06109915839301294
IDN,South-eastern Asia,0.3039828027997696,2008,0.48033820258246607
IND,Southern Asia,0.2417285253131201,2008,-0.25123257107205177
IRL,Northern Europe,0.19307814704047296,2008,0.1164957682291714
IRN,Southern Asia,0.2417285253131201,2008,-0.20371097988552833
IRQ,Western Asia,0.11970141955784389,2008,0.6716403961181641
ISL,Northern Europe,0.19307814704047296,2008,0.4466408623589473
ISR,Western Asia,0.11970141955784389,2008,-0.06159845987955492
ITA,Southern Europe,0.25529253520662787,2008,-1.5924856397840728
JAM,Latin America and the Caribbean,0.19918489028372544,2008,0.09575610690647096
JOR,Western Asia,0.11970141955784389,2008,-0.7808375888400576
JPN,Eastern Asia,0.10904252794053804,2008,-0.6643490261501768
KAZ,Central Asia,0.4199508788093687,2008,0.2137607998318103
KEN,Sub-Saharan Africa,0.1966062009358823,2008,-1.6673762003580705
KGZ,Central Asia,0.4199508788093687,2008,0.8244573805067219
KHM,South-eastern Asia,0.3039828027997696,2008,2.6535627577039875
KOR,Eastern Asia,0.10904252794053804,2008,-0.34244452582465357
KWT,Western Asia,0.11970141955784389,2008,-0.42525906032985716
LAO,South-eastern Asia,0.3039828027997696,2008,1.152982076009117
LBN,Western Asia,0.11970141955784389,2008,-1.004868825276695
LBR,Sub-Saharan Africa,0.1966062009358823,2008,0.4736037784152529
LBY,Northern Africa,-0.17422699802136268,2008,0.01955392625597341
LKA,Southern Asia,0.2417285253131201,2008,1.4572787814670107
LSO,Sub-Saharan Africa,0.1966062009358823,2008,0.548922220865883
LTU,Northern Europe,0.19307814704047296,2008,0.41988881429036695
LUX,Western Europe,0.15470879310383043,2008,-0.009537590874558077
LVA,Northern Europe,0.19307814704047296,2008,-0.3046213785807268
MAR,Northern Africa,-0.17422699802136268,2008,0.11620415581597143
MDA,Eastern Europe,0.266389516800169,2008,0.04144202338324732
MDG,Sub-Saharan Africa,0.1966062009358823,2008,-0.20295800103081518
MEX,Latin America and the Caribbean,0.19918489028372544,2008,-0.2672975328233562
MKD,Southern Europe,0.25529253520662787,2008,1.093544854058159
MLI,Sub-Saharan Africa,0.1966062009358823,2008,0.2440611521402971
MLT,Southern Europe,0.25529253520662787,2008,-0.13548999362522807
MNE,Southern Europe,0.25529253520662787,2008,0.6779191758897625
MNG,Eastern Asia,0.10904252794053804,2008,-0.5810301038954009
MOZ,Sub-Saharan Africa,0.1966062009358823,2008,-0.37141079372830177
MRT,Sub-Saharan Africa,0.1966062009358823,2008,-1.5212758382161482
MUS,Sub-Saharan Africa,0.1966062009358823,2008,0.2460933261447451
MWI,Sub-Saharan Africa,0.1966062009358823,2008,0.2085215250651018
MYS,South-eastern Asia,0.3039828027997696,2008,-0.2201491461859817
NAM,Sub-Saharan Africa,0.1966062009358823,2008,-0.25639597574869555
NER,Sub-Saharan Africa,0.1966062009358823,2008,-0.01153776380751026
NGA,Sub-Saharan Africa,0.1966062009358823,2008,-0.6373668246799085
NIC,Latin America and the Caribbean,0.19918489028372544,2008,-0.42238532172309107
NLD,Western Europe,0.15470879310383043,2008,-0.01323699951171875
NOR,Northern Europe,0.19307814704047296,2008,0.06928592258029198
NPL,Southern Asia,0.2417285253131201,2008,1.5654246012369768
NZL,Australia and New Zealand,0.0062095399886845015,2008,-0.544350518120666
OMN,Western Asia,0.11970141955784389,2008,0.3411750793457031
PAK,Southern Asia,0.2417285253131201,2008,-0.3458756340874558
PAN,Latin America and the Caribbean,0.19918489028372544,2008,0.19104639689128078
PER,Latin America and the Caribbean,0.19918489028372544,2008,0.09947628445095802
PHL,South-eastern Asia,0.3039828027997696,2008,0.7481083340114978
POL,Eastern Europe,0.266389516800169,2008,0.46736314561631787
PRT,Southern Europe,0.25529253520662787,2008,-0.10223007202148438
PRY,Latin America and the Caribbean,0.19918489028372544,2008,0.34816275702582544
QAT,Western Asia,0.11970141955784389,2008,0.056291368272567865
ROU,Eastern Europe,0.266389516800169,2008,0.2150476243760835
RUS,Eastern Europe,0.266389516800169,2008,0.4781451755099795
RWA,Sub-Saharan Africa,0.1966062009358823,2008,0.4353523254394531
SAU,Western Asia,0.11970141955784389,2008,-0.6063596937391509
SDN,Northern Africa,-0.17422699802136268,2008,-0.14261012607150292
SEN,Sub-Saharan Africa,0.1966062009358823,2008,-0.8977055019802549
SGP,South-eastern Asia,0.3039828027997696,2008,-0.8442675272623745
SLE,Sub-Saharan Africa,0.1966062009358823,2008,-0.836265140109596
SLV,Latin America and the Caribbean,0.19918489028372544,2008,-0.19444105360243213
SUR,Latin America and the Caribbean,0.19918489028372544,2008,0.4249534606933594
SVK,Eastern Europe,0.266389516800169,2008,0.30306752522785985
SVN,Southern Europe,0.25529253520662787,2008,0.8991105821397554
SWE,Northern Europe,0.19307814704047296,2008,0.2674967447916714
SWZ,Sub-Saharan Africa,0.1966062009358823,2008,0.0612640380859375
TCD,Sub-Saharan Africa,0.1966062009358823,2008,2.2870659298367
TGO,Sub-Saharan Africa,0.1966062009358823,2008,-0.17049874199761206
THA,South-eastern Asia,0.3039828027997696,2008,0.026280721028648202
TJK,Central Asia,0.4199508788093687,2008,0.4386558532714844
TTO,Latin America and the Caribbean,0.19918489028372544,2008,-0.38180202907985716
TUN,Northern Africa,-0.17422699802136268,2008,0.16343816121419508
TUR,Western Asia,0.11970141955784389,2008,-0.9184142218695754
TZA,Sub-Saharan Africa,0.1966062009358823,2008,-0.7686254713270415
UGA,Sub-Saharan Africa,0.1966062009358823,2008,-1.3143039279513928
UKR,Eastern Europe,0.266389516800169,2008,0.3299111260308152
URY,Latin America and the Caribbean,0.19918489028372544,2008,0.5278396606445312
USA,Northern America,0.03483581542968851,2008,0.6983049180772554
VEN,Latin America and the Caribbean,0.19918489028372544,2008,-1.6623906029595261
VNM,South-eastern Asia,0.3039828027997696,2008,0.8896967569986955
YEM,Western Asia,0.11970141955784389,2008,0.051776885986328125
ZAF,Sub-Saharan Africa,0.1966062009358823,2008,-0.3180736965603259
ZMB,Sub-Saharan Africa,0.1966062009358823,2008,1.6773779127332915
ZWE,Sub-Saharan Africa,0.1966062009358823,2008,-1.314003414577904
AFG,Southern Asia,0.2417285253131201,2009,1.3159781561957473
AGO,Sub-Saharan Africa,0.1966062009358823,2009,-0.01846970452202612
ALB,Southern Europe,0.25529253520662787,2009,0.643685234917541
ARE,Western Asia,0.11970141955784389,2009,0.3215285407172317
ARG,Latin America and the Caribbean,0.19918489028372544,2009,1.3328238593207473
ARM,Western Asia,0.11970141955784389,2009,-1.1415888468424455
AUS,Australia and New Zealand,0.0062095399886845015,2009,-0.05713738335502683
AUT,Western Europe,0.15470879310383043,2009,-0.6788715786404111
AZE,Western Asia,0.11970141955784389,2009,0.7074966430664062
BDI,Sub-Saharan Africa,0.1966062009358823,2009,2.219685448540581
BEL,Western Europe,0.15470879310383043,2009,0.0071847703721772405
BEN,Sub-Saharan Africa,0.1966062009358823,2009,0.505748324924042
BFA,Sub-Saharan Africa,0.1966062009358823,2009,0.5806183285183337
BGD,Southern Asia,0.2417285253131201,2009,0.9275656806098098
BGR,Eastern Europe,0.266389516800169,2009,0.5905676947699661
BHR,Western Asia,0.11970141955784389,2009,-0.5408253139919736
BLR,Eastern Europe,0.266389516800169,2009,1.4053467644585496
BLZ,Latin America and the Caribbean,0.19918489028372544,2009,-0.18354119194878393
BOL,Latin America and the Caribbean,0.19918489028372544,2009,0.49455049302842724
BRA,Latin America and the Caribbean,0.19918489028372544,2009,-0.38943693372937815
BWA,Sub-Saharan Africa,0.1966062009358823,2009,0.3744455973307268
CAF,Sub-Saharan Africa,0.1966062009358823,2009,-0.6847026613023601
CAN,Northern America,0.03483581542968851,2009,0.12387932671440183
CHE,Western Europe,0.15470879310383043,2009,-0.0014258490668481727
CHL,Latin America and the Caribbean,0.19918489028372544,2009,1.5064303080240933
CHN,Eastern Asia,0.10904252794053804,2009,-0.3546002705891951
CIV,Sub-Saharan Africa,0.1966062009358823,2009,0.6750392913818359
CMR,Sub-Saharan Africa,0.1966062009358823,2009,0.8510265350341797
COD,Sub-Saharan Africa,0.1966062009358823,2009,0.2077910105387346
COG,Sub-Saharan Africa,0.1966062009358823,2009,0.38174841139051807
COL,Latin America and the Caribbean,0.19918489028372544,2009,-0.07891633775499685
COM,Sub-Saharan Africa,0.1966062009358823,2009,0.42848608228895557
CRI,Latin America and the Caribbean,0.19918489028372544,2009,0.46095021565756156
CYP,Western Asia,0.11970141955784389,2009,-0.20717536078559817
CZE,Eastern Europe,0.266389516800169,2009,0.8544205559624487
DEU,Western Europe,0.15470879310383043,2009,0.27576022677952494
DJI,Sub-Saharan Africa,0.1966062009358823,2009,0.8879564073350679
DNK,Northern Europe,0.19307814704047296,2009,-0.35726250542535354
DOM,Latin America and the Caribbean,0.19918489028372544,2009,0.18648062811957544
DZA,Northern Africa,-0.17422699802136268,2009,-0.11868921915689867
ECU,Latin America and the Caribbean,0.19918489028372544,2009,0.36305491129557055
EGY,Northern Africa,-0.17422699802136268,2009,1.0782708062065964
ESP,Southern Europe,0.25529253520662787,2009,-0.927465226915146
EST,Northern Europe,0.19307814704047296,2009,-0.5904909769694058
ETH,Sub-Saharan Africa,0.1966062009358823,2009,-0.5747248331705705
FIN,Northern Europe,0.19307814704047296,2009,-0.04871707492404198
FRA,Western Europe,0.15470879310383043,2009,-0.7186097039116675
GAB,Sub-Saharan Africa,0.1966062009358823,2009,-0.29741668701171875
GBR,Northern Europe,0.19307814704047296,2009,0.4585613674587705
GEO,Western Asia,0.11970141955784389,2009,0.741926829020187
GHA,Sub-Saharan Africa,0.1966062009358823,2009,-0.9418423970540317
GIN,Sub-Saharan Africa,0.1966062009358823,2009,-0.36094919840494555
GRC,Southern Europe,0.25529253520662787,2009,-0.8378151787651902
GTM,Latin America and the Caribbean,0.19918489028372544,2009,-0.24365149603949732
GUY,Latin America and the Caribbean,0.19918489028372544,2009,0.3905957539876326
HKG,Eastern Asia,0.10904252794053804,2009,0.19687271118164062
HND,Latin America and the Caribbean,0.19918489028372544,2009,-1.3362719217936245
HRV,Southern Europe,0.25529253520662787,2009,0.3072352939181897
HUN,Eastern Europe,0.266389516800169,2009,0.2484478420681384
IDN,South-eastern Asia,0.3039828027997696,2009,1.725022633870438
IND,Southern Asia,0.2417285253131201,2009,0.2932086520724866
IRL,Northern Europe,0.19307814704047296,2009,-1.2777947319878393
IRN,Southern Asia,0.2417285253131201,2009,-0.34367709689669823
IRQ,Western Asia,0.11970141955784389,2009,0.8247273763020857
ISL,Northern Europe,0.19307814704047296,2009,-0.5928090413411553
ISR,Western Asia,0.11970141955784389,2009,0.39673190646701073
ITA,Southern Europe,0.25529253520662787,2009,1.161632113986542
JAM,Latin America and the Caribbean,0.19918489028372544,2009,-0.046045939127608904
JOR,Western Asia,0.11970141955784389,2009,1.2210485670301665
JPN,Eastern Asia,0.10904252794053804,2009,0.5406930711534272
KAZ,Central Asia,0.4199508788093687,2009,0.5576057434082031
KEN,Sub-Saharan Africa,0.1966062009358823,2009,-0.682456546359596
KGZ,Central Asia,0.4199508788093687,2009,0.18240144517687185
KHM,South-eastern Asia,0.3039828027997696,2009,1.795130411783859
KOR,Eastern Asia,0.10904252794053804,2009,0.5396982828776018
KWT,Western Asia,0.11970141955784389,2009,-0.09319941202799953
LAO,South-eastern Asia,0.3039828027997696,2009,-0.039737701416015625
LBN,Western Asia,0.11970141955784389,2009,1.6558969285753022
LBR,Sub-Saharan Africa,0.1966062009358823,2009,0.7134717305501326
LBY,Northern Africa,-0.17422699802136268,2009,-0.03641149732801807
LKA,Southern Asia,0.2417285253131201,2009,0.7073796590169295
LSO,Sub-Saharan Africa,0.1966062009358823,2009,0.031868404812286144
LTU,Northern Europe,0.19307814704047296,2009,-0.7751799689398879
LUX,Western Europe,0.15470879310383043,2009,0.2995402018229072
LVA,Northern Europe,0.19307814704047296,2009,-0.7404463026258696
MAR,Northern Africa,-0.17422699802136268,2009,0.5772963629828567
MDA,Eastern Europe,0.266389516800169,2009,-0.2568219502766951
MDG,Sub-Saharan Africa,0.1966062009358823,2009,-1.085598839653862
MEX,Latin America and the Caribbean,0.19918489028372544,2009,-0.679271274142792
MKD,Southern Europe,0.25529253520662787,2009,0.4833971659342424
MLI,Sub-Saharan Africa,0.1966062009358823,2009,0.796514299180771
MLT,Southern Europe,0.25529253520662787,2009,0.10906134711372317
MNE,Southern Europe,0.25529253520662787,2009,0.7128804524739536
MNG,Eastern Asia,0.10904252794053804,2009,0.17146216498480982
MOZ,Sub-Saharan Africa,0.1966062009358823,2009,-0.1707305908203125
MRT,Sub-Saharan Africa,0.1966062009358823,2009,1.4695966508653413
MUS,Sub-Saharan Africa,0.1966062009358823,2009,0.5157640245225679
MWI,Sub-Saharan Africa,0.1966062009358823,2009,1.2427308824327241
MYS,South-eastern Asia,0.3039828027997696,2009,0.25848558213975537
NAM,Sub-Saharan Africa,0.1966062009358823,2009,0.6949361165364536
NER,Sub-Saharan Africa,0.1966062009358823,2009,1.0374503665500185
NGA,Sub-Saharan Africa,0.1966062009358823,2009,-2.039564768473305
NIC,Latin America and the Caribbean,0.19918489028372544,2009,-0.6812956068250884
NLD,Western Europe,0.15470879310383043,2009,0.31465318467881787
NOR,Northern Europe,0.19307814704047296,2009,0.5892232259114536
NPL,Southern Asia,0.2417285253131201,2009,-1.3050041198730469
NZL,Australia and New Zealand,0.0062095399886845015,2009,0.22055901421441604
OMN,Western Asia,0.11970141955784389,2009,0.5326182047526018
PAK,Southern Asia,0.2417285253131201,2009,-0.1107639736599424
PAN,Latin America and the Caribbean,0.19918489028372544,2009,0.9849374559190522
PER,Latin America and the Caribbean,0.19918489028372544,2009,0.38719346788194287
PHL,South-eastern Asia,0.3039828027997696,2009,-0.28775872124565893
POL,Eastern Europe,0.266389516800169,2009,0.7829157511393277
PRT,Southern Europe,0.25529253520662787,2009,0.030539194742829068
PRY,Latin America and the Caribbean,0.19918489028372544,2009,0.9553345574272996
QAT,Western Asia,0.11970141955784389,2009,0.7978091769748303
ROU,Eastern Europe,0.266389516800169,2009,-0.04070621066622948
RUS,Eastern Europe,0.266389516800169,2009,-0.30208545260958886
RWA,Sub-Saharan Africa,0.1966062009358823,2009,1.9650950961642764
SAU,Western Asia,0.11970141955784389,2009,0.5423020256890183
SDN,Northern Africa,-0.17422699802136268,2009,0.05699793497721117
SEN,Sub-Saharan Africa,0.1966062009358823,2009,-1.1043779585096587
SGP,South-eastern Asia,0.3039828027997696,2009,0.3243666754828496
SLE,Sub-Saharan Africa,0.1966062009358823,2009,1.0840045081244583
SLV,Latin America and the Caribbean,0.19918489028372544,2009,0.29838858710395044
SUR,Latin America and the Caribbean,0.19918489028372544,2009,0.11101235283745581
SVK,Eastern Europe,0.266389516800169,2009,-0.16441472371418797
SVN,Southern Europe,0.25529253520662787,2009,0.007878197564011202
SWE,Northern Europe,0.19307814704047296,2009,0.5966707865397183
SWZ,Sub-Saharan Africa,0.1966062009358823,2009,0.02092107137043797
TCD,Sub-Saharan Africa,0.1966062009358823,2009,-0.4854852888319243
TGO,Sub-Saharan Africa,0.1966062009358823,2009,0.579856448703346
THA,South-eastern Asia,0.3039828027997696,2009,0.39764658610025805
TJK,Central Asia,0.4199508788093687,2009,0.07527033487955492
TTO,Latin America and the Caribbean,0.19918489028372544,2009,0.5306735568576357
TUN,Northern Africa,-0.17422699802136268,2009,-0.014159308539497317
TUR,Western Asia,0.11970141955784389,2009,0.07575183444552636
TZA,Sub-Saharan Africa,0.1966062009358823,2009,1.2247111002604143
UGA,Sub-Saharan Africa,0.1966062009358823,2009,1.0260683695475308
UKR,Eastern Europe,0.266389516800169,2009,-0.9894532097710496
URY,Latin America and the Caribbean,0.19918489028372544,2009,0.9885453118218379
USA,Northern America,0.03483581542968851,2009,-0.8705698649088447
VEN,Latin America and the Caribbean,0.19918489028372544,2009,-0.19661521911621094
VNM,South-eastern Asia,0.3039828027997696,2009,-1.1169870164659272
YEM,Western Asia,0.11970141955784389,2009,-0.2409945593939895
ZAF,Sub-Saharan Africa,0.1966062009358823,2009,0.19060982598198706
ZMB,Sub-Saharan Africa,0.1966062009358823,2009,-0.42212677001953125
ZWE,Sub-Saharan Africa,0.1966062009358823,2009,1.781503677368164
AFG,Southern Asia,0.2417285253131201,2010,-0.5847405327690964
AGO,Sub-Saharan Africa,0.1966062009358823,2010,0.3371315002441406
ALB,Southern Europe,0.25529253520662787,2010,0.48632091946071654
ARE,Western Asia,0.11970141955784389,2010,0.5735011630588076
ARG,Latin America and the Caribbean,0.19918489028372544,2010,1.47532526652018
ARM,Western Asia,0.11970141955784389,2010,0.12248865763346117
AUS,Australia and New Zealand,0.0062095399886845015,2010,0.47112782796223485
AUT,Western Europe,0.15470879310383043,2010,1.5866474575466611
AZE,Western Asia,0.11970141955784389,2010,-0.9848344590928804
BDI,Sub-Saharan Africa,0.1966062009358823,2010,0.5277184380425339
BEL,Western Europe,0.15470879310383043,2010,0.4258376227484888
BEN,Sub-Saharan Africa,0.1966062009358823,2010,0.06450462341308594
BFA,Sub-Saharan Africa,0.1966062009358823,2010,0.642755720350479
BGD,Southern Asia,0.2417285253131201,2010,0.8341598510742188
BGR,Eastern Europe,0.266389516800169,2010,0.8672904968261719
BHR,Western Asia,0.11970141955784389,2010,-0.5776579115125884
BLR,Eastern Europe,0.266389516800169,2010,1.3589630126953125
BLZ,Latin America and the Caribbean,0.19918489028372544,2010,0.16123029920790088
BOL,Latin America and the Caribbean,0.19918489028372544,2010,-0.09819369845919823
BRA,Latin America and the Caribbean,0.19918489028372544,2010,0.5979567633734746
BWA,Sub-Saharan Africa,0.1966062009358823,2010,-0.07228512234157591
CAF,Sub-Saharan Africa,0.1966062009358823,2010,-1.1299617555406343
CAN,Northern America,0.03483581542968851,2010,0.3875376383463589
CHE,Western Europe,0.15470879310383043,2010,0.2592985365125884
CHL,Latin America and the Caribbean,0.19918489028372544,2010,0.8709314134385835
CHN,Eastern Asia,0.10904252794053804,2010,0.9722213745117188
CIV,Sub-Saharan Africa,0.1966062009358823,2010,-0.3361089494493257
CMR,Sub-Saharan Africa,0.1966062009358823,2010,1.427646848890511
COD,Sub-Saharan Africa,0.1966062009358823,2010,0.031997044881187264
COG,Sub-Saharan Africa,0.1966062009358823,2010,0.5370716518825915
COL,Latin America and the Caribbean,0.19918489028372544,2010,0.6390813191731795
COM,Sub-Saharan Africa,0.1966062009358823,2010,1.7726035647922131
CRI,Latin America and the Caribbean,0.19918489028372544,2010,0.20671166314018308
CYP,Western Asia,0.11970141955784389,2010,1.8093969557020415
CZE,Eastern Europe,0.266389516800169,2010,0.03892305162219145
DEU,Western Europe,0.15470879310383043,2010,0.716516706678604
DJI,Sub-Saharan Africa,0.1966062009358823,2010,-0.10632938808865333
DNK,Northern Europe,0.19307814704047296,2010,0.8160527547200616
DOM,Latin America and the Caribbean,0.19918489028372544,2010,0.06832716200086963
DZA,Northern Africa,-0.17422699802136268,2010,0.5098385281032947
ECU,Latin America and the Caribbean,0.19918489028372544,2010,0.13824335734049953
EGY,Northern Africa,-0.17422699802136268,2010,-0.7352570427788621
ESP,Southern Europe,0.25529253520662787,2010,1.2722104390462334
EST,Northern Europe,0.19307814704047296,2010,0.41820526123046875
ETH,Sub-Saharan Africa,0.1966062009358823,2010,0.12664371066622948
FIN,Northern Europe,0.19307814704047296,2010,0.17413965861001657
FRA,Western Europe,0.15470879310383043,2010,1.4895773993598027
GAB,Sub-Saharan Africa,0.1966062009358823,2010,0.39628431532117503
GBR,Northern Europe,0.19307814704047296,2010,0.6443693372938384
GEO,Western Asia,0.11970141955784389,2010,1.499031490749779
GHA,Sub-Saharan Africa,0.1966062009358823,2010,1.4704653422037737
GIN,Sub-Saharan Africa,0.1966062009358823,2010,1.0248612297905808
GRC,Southern Europe,0.25529253520662787,2010,-0.6546457078721772
GTM,Latin America and the Caribbean,0.19918489028372544,2010,0.33367580837673216
GUY,Latin America and the Caribbean,0.19918489028372544,2010,0.23278511895073706
HKG,Eastern Asia,0.10904252794053804,2010,0.7215156555175781
HND,Latin America and the Caribbean,0.19918489028372544,2010,-0.162017822265625
HRV,Southern Europe,0.25529253520662787,2010,0.5297614203558965
HUN,Eastern Europe,0.266389516800169,2010,0.10821745130751026
IDN,South-eastern Asia,0.3039828027997696,2010,0.15160242716471828
IND,Southern Asia,0.2417285253131201,2010,-0.5125423007541272
IRL,Northern Europe,0.19307814704047296,2010,1.094679090711793
IRN,Southern Asia,0.2417285253131201,2010,0.6008993784586565
IRQ,Western Asia,0.11970141955784389,2010,-0.4153938293457031
ISL,Northern Europe,0.19307814704047296,2010,0.5658560858832544
ISR,Western Asia,0.11970141955784389,2010,0.03138944837782276
ITA,Southern Europe,0.25529253520662787,2010,-0.5266261630588076
JAM,Latin America and the Caribbean,0.19918489028372544,2010,0.08156288994683791
JOR,Western Asia,0.11970141955784389,2010,-0.4856317308214031
JPN,Eastern Asia,0.10904252794053804,2010,0.2793625725640254
KAZ,Central Asia,0.4199508788093687,2010,0.35253736707899463
KEN,Sub-Saharan Africa,0.1966062009358823,2010,1.7201029459635464
KGZ,Central Asia,0.4199508788093687,2010,-0.6357972886827312
KHM,South-eastern Asia,0.3039828027997696,2010,0.06654908921983349
KOR,Eastern Asia,0.10904252794053804,2010,1.1743401421441035
KWT,Western Asia,0.11970141955784389,2010,-0.7171995374891438
LAO,South-eastern Asia,0.3039828027997696,2010,0.34014087253146386
LBN,Western Asia,0.11970141955784389,2010,0.00562286376953125
LBR,Sub-Saharan Africa,0.1966062009358823,2010,0.851629045274521
LBY,Northern Africa,-0.17422699802136268,2010,0.015253702799476798
LKA,Southern Asia,0.2417285253131201,2010,0.9420895046658018
LSO,Sub-Saharan Africa,0.1966062009358823,2010,0.12658776177300268
LTU,Northern Europe,0.19307814704047296,2010,0.7214334275987397
LUX,Western Europe,0.15470879310383043,2010,0.6102625528971402
LVA,Northern Europe,0.19307814704047296,2010,0.30438571506076073
MAR,Northern Africa,-0.17422699802136268,2010,0.3546689351399763
MDA,Eastern Europe,0.266389516800169,2010,1.5530552334255674
MDG,Sub-Saharan Africa,0.1966062009358823,2010,-0.3635554843478701
MEX,Latin America and the Caribbean,0.19918489028372544,2010,0.8221698337131045
MKD,Southern Europe,0.25529253520662787,2010,0.10356903076171875
MLI,Sub-Saharan Africa,0.1966062009358823,2010,1.1920753055148694
MLT,Southern Europe,0.25529253520662787,2010,-0.2794456481933594
MNE,Southern Europe,0.25529253520662787,2010,0.6671651204427107
MNG,Eastern Asia,0.10904252794053804,2010,0.8427946302625813
MOZ,Sub-Saharan Africa,0.1966062009358823,2010,0.6349023183186873
MRT,Sub-Saharan Africa,0.1966062009358823,2010,0.6648782094319685
MUS,Sub-Saharan Africa,0.1966062009358823,2010,0.3693385654025576
MWI,Sub-Saharan Africa,0.1966062009358823,2010,0.35432222154405224
MYS,South-eastern Asia,0.3039828027997696,2010,-0.33703867594400805
NAM,Sub-Saharan Africa,0.1966062009358823,2010,0.7239256964789504
NER,Sub-Saharan Africa,0.1966062009358823,2010,-0.01073243882920849
NGA,Sub-Saharan Africa,0.1966062009358823,2010,1.3824789259168853
NIC,Latin America and the Caribbean,0.19918489028372544,2010,0.15606689453125
NLD,Western Europe,0.15470879310383043,2010,0.508997175428604
NOR,Northern Europe,0.19307814704047296,2010,0.170074462890625
NPL,Southern Asia,0.2417285253131201,2010,0.6316464742024763
NZL,Australia and New Zealand,0.0062095399886845015,2010,0.21927558051214646
OMN,Western Asia,0.11970141955784389,2010,-0.07304636637369555
PAK,Southern Asia,0.2417285253131201,2010,1.5744942559136348
PAN,Latin America and the Caribbean,0.19918489028372544,2010,0.2883906894259951
PER,Latin America and the Caribbean,0.19918489028372544,2010,0.8475295172797317
PHL,South-eastern Asia,0.3039828027997696,2010,0.36839591132270044
POL,Eastern Europe,0.266389516800169,2010,2.013810051812065
PRT,Southern Europe,0.25529253520662787,2010,0.5332306755913692
PRY,Latin America and the Caribbean,0.19918489028372544,2010,0.8848537868923643
QAT,Western Asia,0.11970141955784389,2010,-0.039594438340934346
ROU,Eastern Europe,0.266389516800169,2010,-0.7578875223795549
RUS,Eastern Europe,0.266389516800169,2010,1.0486183166503906
RWA,Sub-Saharan Africa,0.1966062009358823,2010,0.2773848639594192
SAU,Western Asia,0.11970141955784389,2010,0.9975270165337449
SDN,Northern Africa,-0.17422699802136268,2010,-0.21197658114962792
SEN,Sub-Saharan Africa,0.1966062009358823,2010,2.0007745954725564
SGP,South-eastern Asia,0.3039828027997696,2010,0.6828248765733633
SLE,Sub-Saharan Africa,0.1966062009358823,2010,-0.5701018439398879
SLV,Latin America and the Caribbean,0.19918489028372544,2010,-0.21589363945854956
SUR,Latin America and the Caribbean,0.19918489028372544,2010,0.45624075995551294
SVK,Eastern Europe,0.266389516800169,2010,0.616444057888458
SVN,Southern Europe,0.25529253520662787,2010,2.3434770372178804
SWE,Northern Europe,0.19307814704047296,2010,0.9280925326877139
SWZ,Sub-Saharan Africa,0.1966062009358823,2010,0.3826353285047759
TCD,Sub-Saharan Africa,0.1966062009358823,2010,1.0068637000189895
TGO,Sub-Saharan Africa,0.1966062009358823,2010,1.2436659071180571
THA,South-eastern Asia,0.3039828027997696,2010,0.42329279581706203
TJK,Central Asia,0.4199508788093687,2010,0.6930580139160156
TTO,Latin America and the Caribbean,0.19918489028372544,2010,0.5043729146321638
TUN,Northern Africa,-0.17422699802136268,2010,0.3803410000271299
TUR,Western Asia,0.11970141955784389,2010,1.386593712700737
TZA,Sub-Saharan Africa,0.1966062009358823,2010,-0.29226854112413037
UGA,Sub-Saharan Africa,0.1966062009358823,2010,0.7985941569010393
UKR,Eastern Europe,0.266389516800169,2010,0.6918076409233933
URY,Latin America and the Caribbean,0.19918489028372544,2010,-0.10428068372938526
USA,Northern America,0.03483581542968851,2010,-0.19121466742622317
VEN,Latin America and the Caribbean,0.19918489028372544,2010,0.33450105455187185
VNM,South-eastern Asia,0.3039828027997696,2010,-0.10281541612413037
YEM,Western Asia,0.11970141955784389,2010,0.13212521870931226
ZAF,Sub-Saharan Africa,0.1966062009358823,2010,0.6435432434082031
ZMB,Sub-Saharan Africa,0.1966062009358823,2010,0.19549306233724195
ZWE,Sub-Saharan Africa,0.1966062009358823,2010,2.7467373741997605
AFG,Southern Asia,0.2417285253131201,2011,-1.4780949486626511
AGO,Sub-Saharan Africa,0.1966062009358823,2011,-0.4772366417778855
ALB,Southern Europe,0.25529253520662787,2011,0.10980606079101562
ARE,Western Asia,0.11970141955784389,2011,-0.021616617838539298
ARG,Latin America and the Caribbean,0.19918489028372544,2011,0.7367006937662737
ARM,Western Asia,0.11970141955784389,2011,-0.16144561767578125
AUS,Australia and New Zealand,0.0062095399886845015,2011,-0.40156385633680713
AUT,Western Europe,0.15470879310383043,2011,-0.4988310072157134
AZE,Western Asia,0.11970141955784389,2011,0.6803550720214844
BDI,Sub-Saharan Africa,0.1966062009358823,2011,0.14511002434624487
BEL,Western Europe,0.15470879310383043,2011,0.4282523261176152
BEN,Sub-Saharan Africa,0.1966062009358823,2011,0.6038468678792341
BFA,Sub-Saharan Africa,0.1966062009358823,2011,1.051699744330513
BGD,Southern Asia,0.2417285253131201,2011,1.2426155938042527
BGR,Eastern Europe,0.266389516800169,2011,-0.21096674601236742
BHR,Western Asia,0.11970141955784389,2011,-1.1647750006781692
BLR,Eastern Europe,0.266389516800169,2011,-0.6929056379530181
BLZ,Latin America and the Caribbean,0.19918489028372544,2011,-0.06784184773763258
BOL,Latin America and the Caribbean,0.19918489028372544,2011,0.9797524346245652
BRA,Latin America and the Caribbean,0.19918489028372544,2011,0.8173700968424527
BWA,Sub-Saharan Africa,0.1966062009358823,2011,-0.025960286458335702
CAF,Sub-Saharan Africa,0.1966062009358823,2011,0.9163203769260022
CAN,Northern America,0.03483581542968851,2011,-0.08239067925347854
CHE,Western Europe,0.15470879310383043,2011,0.07306162516276515
CHL,Latin America and the Caribbean,0.19918489028372544,2011,-0.15112431844075047
CHN,Eastern Asia,0.10904252794053804,2011,-0.06697930230034643
CIV,Sub-Saharan Africa,0.1966062009358823,2011,-0.660036722819008
CMR,Sub-Saharan Africa,0.1966062009358823,2011,1.0566274854871978
COD,Sub-Saharan Africa,0.1966062009358823,2011,0.5214680565728074
COG,Sub-Saharan Africa,0.1966062009358823,2011,2.4161923726399763
COL,Latin America and the Caribbean,0.19918489028372544,2011,0.4396213955349424
COM,Sub-Saharan Africa,0.1966062009358823,2011,0.42800331115722656
CRI,Latin America and the Caribbean,0.19918489028372544,2011,-0.8556997511121978
CYP,Western Asia,0.11970141955784389,2011,-0.420093960232208
CZE,Eastern Europe,0.266389516800169,2011,-0.11439090304905619
DEU,Western Europe,0.15470879310383043,2011,0.1788427564832773
DJI,Sub-Saharan Africa,0.1966062009358823,2011,-1.4398903316921619
DNK,Northern Europe,0.19307814704047296,2011,-0.2886004977756187
DOM,Latin America and the Caribbean,0.19918489028372544,2011,0.1962123446994326
DZA,Northern Africa,-0.17422699802136268,2011,-0.6004909939236072
ECU,Latin America and the Caribbean,0.19918489028372544,2011,1.3867662217881929
EGY,Northern Africa,-0.17422699802136268,2011,-0.5613396962483748
ESP,Southern Europe,0.25529253520662787,2011,-0.07216856214735401
EST,Northern Europe,0.19307814704047296,2011,1.433419121636291
ETH,Sub-Saharan Africa,0.1966062009358823,2011,0.07206938001844776
FIN,Northern Europe,0.19307814704047296,2011,0.522907680935333
FRA,Western Europe,0.15470879310383043,2011,0.11987219916450442
GAB,Sub-Saharan Africa,0.1966062009358823,2011,1.6257858276367188
GBR,Northern Europe,0.19307814704047296,2011,0.4910261366102304
GEO,Western Asia,0.11970141955784389,2011,0.8838424682617188
GHA,Sub-Saharan Africa,0.1966062009358823,2011,-0.23609712388780224
GIN,Sub-Saharan Africa,0.1966062009358823,2011,0.9403394063313755
GRC,Southern Europe,0.25529253520662787,2011,-1.392661624484596
GTM,Latin America and the Caribbean,0.19918489028372544,2011,-0.2755826314290317
GUY,Latin America and the Caribbean,0.19918489028372544,2011,0.27140680948893703
HKG,Eastern Asia,0.10904252794053804,2011,0.23539394802517677
HND,Latin America and the Caribbean,0.19918489028372544,2011,0.9083336724175339
HRV,Southern Europe,0.25529253520662787,2011,-0.8062498304578938
HUN,Eastern Europe,0.266389516800169,2011,0.18521838717990136
IDN,South-eastern Asia,0.3039828027997696,2011,1.4278271993001255
IND,Southern Asia,0.2417285253131201,2011,0.5458581712510906
IRL,Northern Europe,0.19307814704047296,2011,0.35978444417318656
IRN,Southern Asia,0.2417285253131201,2011,1.1647993723551409
IRQ,Western Asia,0.11970141955784389,2011,-1.043508105807831
ISL,Northern Europe,0.19307814704047296,2011,-0.15086619059245265
ISR,Western Asia,0.11970141955784389,2011,0.56036376953125
ITA,Southern Europe,0.25529253520662787,2011,0.04513083563909959
JAM,Latin America and the Caribbean,0.19918489028372544,2011,-0.10358471340603614
JOR,Western Asia,0.11970141955784389,2011,-0.5305391947428362
JPN,Eastern Asia,0.10904252794053804,2011,0.4908858405219121
KAZ,Central Asia,0.4199508788093687,2011,0.2087656656901018
KEN,Sub-Saharan Africa,0.1966062009358823,2011,0.6366971333821567
KGZ,Central Asia,0.4199508788093687,2011,1.1844071282280808
KHM,South-eastern Asia,0.3039828027997696,2011,0.8181182013617629
KOR,Eastern Asia,0.10904252794053804,2011,0.23573006523979245
KWT,Western Asia,0.11970141955784389,2011,0.7843089633517764
LAO,South-eastern Asia,0.3039828027997696,2011,0.4797562493218308
LBN,Western Asia,0.11970141955784389,2011,-0.37552642822265625
LBR,Sub-Saharan Africa,0.1966062009358823,2011,0.7383698357476121
LBY,Northern Africa,-0.17422699802136268,2011,-1.0444367726643833
LKA,Southern Asia,0.2417285253131201,2011,0.5610669453938755
LSO,Sub-Saharan Africa,0.1966062009358823,2011,-0.07558865017361427
LTU,Northern Europe,0.19307814704047296,2011,0.7131046719021299
LUX,Western Europe,0.15470879310383043,2011,-0.041162278917099115
LVA,Northern Europe,0.19307814704047296,2011,1.2556627061632
MAR,Northern Africa,-0.17422699802136268,2011,0.11717478434244555
MDA,Eastern Europe,0.266389516800169,2011,0.37239752875434107
MDG,Sub-Saharan Africa,0.1966062009358823,2011,0.3652335272894973
MEX,Latin America and the Caribbean,0.19918489028372544,2011,-0.44266467624240136
MKD,Southern Europe,0.25529253520662787,2011,0.3050320943196638
MLI,Sub-Saharan Africa,0.1966062009358823,2011,0.6142830318874744
MLT,Southern Europe,0.25529253520662787,2011,0.9938765631781621
MNE,Southern Europe,0.25529253520662787,2011,-0.3998018900553362
MNG,Eastern Asia,0.10904252794053804,2011,0.9157083299424968
MOZ,Sub-Saharan Africa,0.1966062009358823,2011,0.2543292575412295
MRT,Sub-Saharan Africa,0.1966062009358823,2011,-0.47614245944552636
MUS,Sub-Saharan Africa,0.1966062009358823,2011,-0.12385347154405224
MWI,Sub-Saharan Africa,0.1966062009358823,2011,-2.3481648763020786
MYS,South-eastern Asia,0.3039828027997696,2011,0.9583833482530437
NAM,Sub-Saharan Africa,0.1966062009358823,2011,0.12421883477104956
NER,Sub-Saharan Africa,0.1966062009358823,2011,2.7442249721950986
NGA,Sub-Saharan Africa,0.1966062009358823,2011,0.564164479573563
NIC,Latin America and the Caribbean,0.19918489028372544,2011,0.2719107733832473
NLD,Western Europe,0.15470879310383043,2011,-0.04542965359158302
NOR,Northern Europe,0.19307814704047296,2011,-0.5936770968966982
NPL,Southern Asia,0.2417285253131201,2011,-0.37243864271376026
NZL,Australia and New Zealand,0.0062095399886845015,2011,0.18860456678602588
OMN,Western Asia,0.11970141955784389,2011,0.3003294203016509
PAK,Southern Asia,0.2417285253131201,2011,-0.41273668077257497
PAN,Latin America and the Caribbean,0.19918489028372544,2011,0.38371573554145755
PER,Latin America and the Caribbean,0.19918489028372544,2011,0.2934481302897112
PHL,South-eastern Asia,0.3039828027997696,2011,0.7099850972493513
POL,Eastern Europe,0.266389516800169,2011,-0.8537411159939268
PRT,Southern Europe,0.25529253520662787,2011,0.3778279622395786
PRY,Latin America and the Caribbean,0.19918489028372544,2011,1.1137411329481282
QAT,Western Asia,0.11970141955784389,2011,0.6267450120714031
ROU,Eastern Europe,0.266389516800169,2011,0.19392140706379735
RUS,Eastern Europe,0.266389516800169,2011,-0.30431323581272096
RWA,Sub-Saharan Africa,0.1966062009358823,2011,0.4337268405490491
SAU,Western Asia,0.11970141955784389,2011,-0.3076864878336565
SDN,Northern Africa,-0.17422699802136268,2011,-1.1789527469211194
SEN,Sub-Saharan Africa,0.1966062009358823,2011,-1.6271917555067361
SGP,South-eastern Asia,0.3039828027997696,2011,-0.6451454162597656
SLE,Sub-Saharan Africa,0.1966062009358823,2011,0.9411987728542783
SLV,Latin America and the Caribbean,0.19918489028372544,2011,0.07361645168727904
SUR,Latin America and the Caribbean,0.19918489028372544,2011,-0.32792960272895044
SVK,Eastern Europe,0.266389516800169,2011,0.009903377956817394
SVN,Southern Europe,0.25529253520662787,2011,-0.6425713433159643
SWE,Northern Europe,0.19307814704047296,2011,-0.1694539388020928
SWZ,Sub-Saharan Africa,0.1966062009358823,2011,-0.24897744920518505
TCD,Sub-Saharan Africa,0.1966062009358823,2011,2.632377836439346
TGO,Sub-Saharan Africa,0.1966062009358823,2011,2.555584589640297
THA,South-eastern Asia,0.3039828027997696,2011,0.3880301581488652
TJK,Central Asia,0.4199508788093687,2011,1.311745537651916
TTO,Latin America and the Caribbean,0.19918489028372544,2011,2.0226092868381045
TUN,Northern Africa,-0.17422699802136268,2011,-1.5224880642361143
TUR,Western Asia,0.11970141955784389,2011,0.0849507649739607
TZA,Sub-Saharan Africa,0.1966062009358823,2011,1.0495936075846402
UGA,Sub-Saharan Africa,0.1966062009358823,2011,0.2530517578125
UKR,Eastern Europe,0.266389516800169,2011,0.48116344875759864
URY,Latin America and the Caribbean,0.19918489028372544,2011,1.0659556918674014
USA,Northern America,0.03483581542968851,2011,-0.4067323472764741
VEN,Latin America and the Caribbean,0.19918489028372544,2011,0.05158869425455492
VNM,South-eastern Asia,0.3039828027997696,2011,-0.27543894449869555
YEM,Western Asia,0.11970141955784389,2011,-1.75673039754232
ZAF,Sub-Saharan Africa,0.1966062009358823,2011,0.31731372409396386
ZMB,Sub-Saharan Africa,0.1966062009358823,2011,1.5141088697645415
ZWE,Sub-Saharan Africa,0.1966062009358823,2011,2.2462770673963774
AFG,Southern Asia,0.2417285253131201,2012,1.768298043145073
AGO,Sub-Saharan Africa,0.1966062009358823,2012,-1.2328764597574846
ALB,Southern Europe,0.25529253520662787,2012,0.14858796861436474
ARE,Western Asia,0.11970141955784389,2012,0.35877143012152857
ARG,Latin America and the Caribbean,0.19918489028372544,2012,-0.5979838901095889
ARM,Western Asia,0.11970141955784389,2012,1.3010101318359375
AUS,Australia and New Zealand,0.0062095399886845015,2012,-0.5467766655815893
AUT,Western Europe,0.15470879310383043,2012,-0.11394331190321338
AZE,Western Asia,0.11970141955784389,2012,0.2526198493109817
BDI,Sub-Saharan Africa,0.1966062009358823,2012,0.2068513234456475
BEL,Western Europe,0.15470879310383043,2012,-0.782268100314667
BEN,Sub-Saharan Africa,0.1966062009358823,2012,0.9984664916992188
BFA,Sub-Saharan Africa,0.1966062009358823,2012,0.697307162814667
BGD,Southern Asia,0.2417285253131201,2012,-0.6670468648274763
BGR,Eastern Europe,0.266389516800169,2012,0.6610683865017322
BHR,Western Asia,0.11970141955784389,2012,-0.09991878933376341
BLR,Eastern Europe,0.266389516800169,2012,0.2378114064534529
BLZ,Latin America and the Caribbean,0.19918489028372544,2012,-0.11027442084418482
BOL,Latin America and the Caribbean,0.19918489028372544,2012,1.596579657660591
BRA,Latin America and the Caribbean,0.19918489028372544,2012,-0.5384919908311616
BWA,Sub-Saharan Africa,0.1966062009358823,2012,0.007080078125
CAF,Sub-Saharan Africa,0.1966062009358823,2012,-0.07159784105089528
CAN,Northern America,0.03483581542968851,2012,0.07736884223091067
CHE,Western Europe,0.15470879310383043,2012,0.9252696567111514
CHL,Latin America and the Caribbean,0.19918489028372544,2012,0.8473591274685219
CHN,Eastern Asia,0.10904252794053804,2012,0.33781221177843435
CIV,Sub-Saharan Africa,0.1966062009358823,2012,2.1608087751600493
CMR,Sub-Saharan Africa,0.1966062009358823,2012,0.22555414835611742
COD,Sub-Saharan Africa,0.1966062009358823,2012,0.9092854393853074
COG,Sub-Saharan Africa,0.1966062009358823,2012,-0.06871159871419508
COL,Latin America and the Caribbean,0.19918489028372544,2012,0.46824985080294823
COM,Sub-Saharan Africa,0.1966062009358823,2012,0.07359483506944287
CRI,Latin America and the Caribbean,0.19918489028372544,2012,1.493682861328125
CYP,Western Asia,0.11970141955784389,2012,-1.4502376980251626
CZE,Eastern Europe,0.266389516800169,2012,-0.5738711886935732
DEU,Western Europe,0.15470879310383043,2012,0.11129887898763968
DJI,Sub-Saharan Africa,0.1966062009358823,2012,-0.2799534267849424
DNK,Northern Europe,0.19307814704047296,2012,-0.13893254597981297
DOM,Latin America and the Caribbean,0.19918489028372544,2012,0.5626809861924897
DZA,Northern Africa,-0.17422699802136268,2012,-0.18391715155707544
ECU,Latin America and the Caribbean,0.19918489028372544,2012,1.033131069607201
EGY,Northern Africa,-0.17422699802136268,2012,0.00632582770453638
ESP,Southern Europe,0.25529253520662787,2012,0.12636905246310448
EST,Northern Europe,0.19307814704047296,2012,-0.5441182454427036
ETH,Sub-Saharan Africa,0.1966062009358823,2012,0.3299806382920991
FIN,Northern Europe,0.19307814704047296,2012,0.07764350043403567
FRA,Western Europe,0.15470879310383043,2012,-0.8309042188856353
GAB,Sub-Saharan Africa,0.1966062009358823,2012,-0.9786766899956589
GBR,Northern Europe,0.19307814704047296,2012,0.0385695563422388
GEO,Western Asia,0.11970141955784389,2012,0.5899670918782576
GHA,Sub-Saharan Africa,0.1966062009358823,2012,0.2797228495279924
GIN,Sub-Saharan Africa,0.1966062009358823,2012,-1.35398843553331
GRC,Southern Europe,0.25529253520662787,2012,-0.9779557122124558
GTM,Latin America and the Caribbean,0.19918489028372544,2012,1.1848793029785156
GUY,Latin America and the Caribbean,0.19918489028372544,2012,0.2829526265462192
HKG,Eastern Asia,0.10904252794053804,2012,-0.9475063747829893
HND,Latin America and the Caribbean,0.19918489028372544,2012,-0.20181147257486742
HRV,Southern Europe,0.25529253520662787,2012,-0.08230294121636206
HUN,Eastern Europe,0.266389516800169,2012,-0.4179072909884951
IDN,South-eastern Asia,0.3039828027997696,2012,-0.9490314059787295
IND,Southern Asia,0.2417285253131201,2012,-0.9548611111111143
IRL,Northern Europe,0.19307814704047296,2012,-1.229653252495666
IRN,Southern Asia,0.2417285253131201,2012,0.3324521382649763
IRQ,Western Asia,0.11970141955784389,2012,-0.02276017930773122
ISL,Northern Europe,0.19307814704047296,2012,-0.468225691053604
ISR,Western Asia,0.11970141955784389,2012,-0.1414341396755674
ITA,Southern Europe,0.25529253520662787,2012,0.2384444342719263
JAM,Latin America and the Caribbean,0.19918489028372544,2012,0.23453564114041114
JOR,Western Asia,0.11970141955784389,2012,-1.1614956325954822
JPN,Eastern Asia,0.10904252794053804,2012,-0.43217298719618213
KAZ,Central Asia,0.4199508788093687,2012,0.853271484375
KEN,Sub-Saharan Africa,0.1966062009358823,2012,-0.6122966342502139
KGZ,Central Asia,0.4199508788093687,2012,-0.11202706231011206
KHM,South-eastern Asia,0.3039828027997696,2012,-0.22696050008138258
KOR,Eastern Asia,0.10904252794053804,2012,0.13909912109375
KWT,Western Asia,0.11970141955784389,2012,0.36562856038411695
LAO,South-eastern Asia,0.3039828027997696,2012,-0.9572614034016951
LBN,Western Asia,0.11970141955784389,2012,-1.4167522854275134
LBR,Sub-Saharan Africa,0.1966062009358823,2012,0.38167063395182765
LBY,Northern Africa,-0.17422699802136268,2012,1.7045415242512973
LKA,Southern Asia,0.2417285253131201,2012,0.9918886820475308
LSO,Sub-Saharan Africa,0.1966062009358823,2012,0.6795484754774321
LTU,Northern Europe,0.19307814704047296,2012,0.5586229960123674
LUX,Western Europe,0.15470879310383043,2012,-0.5868047078450473
LVA,Northern Europe,0.19307814704047296,2012,0.3951678805881045
MAR,Northern Africa,-0.17422699802136268,2012,0.18342463175455492
MDA,Eastern Europe,0.266389516800169,2012,-0.18800523546007497
MDG,Sub-Saharan Africa,0.1966062009358823,2012,-0.9355799357096402
MEX,Latin America and the Caribbean,0.19918489028372544,2012,0.7717119852701799
MKD,Southern Europe,0.25529253520662787,2012,-0.20352978176541114
MLI,Sub-Saharan Africa,0.1966062009358823,2012,-4.434513515896263
MLT,Southern Europe,0.25529253520662787,2012,0.04663213094076468
MNE,Southern Europe,0.25529253520662787,2012,-0.4034483167860259
MNG,Eastern Asia,0.10904252794053804,2012,0.4153251647949219
MOZ,Sub-Saharan Africa,0.1966062009358823,2012,0.12997351752387232
MRT,Sub-Saharan Africa,0.1966062009358823,2012,-0.15556632147895044
MUS,Sub-Saharan Africa,0.1966062009358823,2012,0.39937633938259864
MWI,Sub-Saharan Africa,0.1966062009358823,2012,0.5374819437662737
MYS,South-eastern Asia,0.3039828027997696,2012,0.6147143046061103
NAM,Sub-Saharan Africa,0.1966062009358823,2012,-0.08053334554035985
NER,Sub-Saharan Africa,0.1966062009358823,2012,-1.0653181076049805
NGA,Sub-Saharan Africa,0.1966062009358823,2012,-0.27411566840277146
NIC,Latin America and the Caribbean,0.19918489028372544,2012,1.6013802422417527
NLD,Western Europe,0.15470879310383043,2012,-0.3649071587456518
NOR,Northern Europe,0.19307814704047296,2012,0.6614829169379419
NPL,Southern Asia,0.2417285253131201,2012,1.2948010762532576
NZL,Australia and New Zealand,0.0062095399886845015,2012,-0.05562676323783933
OMN,Western Asia,0.11970141955784389,2012,-0.002118428548179452
PAK,Southern Asia,0.2417285253131201,2012,0.526808420817062
PAN,Latin America and the Caribbean,0.19918489028372544,2012,-0.007475535074874529
PER,Latin America and the Caribbean,0.19918489028372544,2012,-0.03266652425130445
PHL,South-eastern Asia,0.3039828027997696,2012,1.3730142381456147
POL,Eastern Europe,0.266389516800169,2012,0.4955787658691406
PRT,Southern Europe,0.25529253520662787,2012,0.03321626451280224
PRY,Latin America and the Caribbean,0.19918489028372544,2012,0.834287007649742
QAT,Western Asia,0.11970141955784389,2012,0.7322769165039062
ROU,Eastern Europe,0.266389516800169,2012,0.6901380750868071
RUS,Eastern Europe,0.266389516800169,2012,-0.2767908308241118
RWA,Sub-Saharan Africa,0.1966062009358823,2012,0.5598670111762161
SAU,Western Asia,0.11970141955784389,2012,0.929097705417206
SDN,Northern Africa,-0.17422699802136268,2012,-1.267504162258568
SEN,Sub-Saharan Africa,0.1966062009358823,2012,1.9364939795600051
SGP,South-eastern Asia,0.3039828027997696,2012,0.3894810146755532
SLE,Sub-Saharan Africa,0.1966062009358823,2012,0.4965298970540388
SLV,Latin America and the Caribbean,0.19918489028372544,2012,0.9977590772840728
SUR,Latin America and the Caribbean,0.19918489028372544,2012,0.29298273722331203
SVK,Eastern Europe,0.266389516800169,2012,-0.5472577412923272
SVN,Southern Europe,0.25529253520662787,2012,0.3731324937608491
SWE,Northern Europe,0.19307814704047296,2012,-0.1510772705078125
SWZ,Sub-Saharan Africa,0.1966062009358823,2012,0.04044130113389599
TCD,Sub-Saharan Africa,0.1966062009358823,2012,0.43993420071071654
TGO,Sub-Saharan Africa,0.1966062009358823,2012,0.2920191023084868
THA,South-eastern Asia,0.3039828027997696,2012,-0.006888919406463856
TJK,Central Asia,0.4199508788093687,2012,-0.2653600904676665
TTO,Latin America and the Caribbean,0.19918489028372544,2012,0.1298878987630232
TUN,Northern Africa,-0.17422699802136268,2012,-1.1632868448893205
TUR,Western Asia,0.11970141955784389,2012,0.37142096625434107
TZA,Sub-Saharan Africa,0.1966062009358823,2012,-1.4329041375054317
UGA,Sub-Saharan Africa,0.1966062009358823,2012,-0.06362236870659643
UKR,Eastern Europe,0.266389516800169,2012,0.3591554429795991
URY,Latin America and the Caribbean,0.19918489028372544,2012,0.49983427259657276
USA,Northern America,0.03483581542968851,2012,-0.03512488471136521
VEN,Latin America and the Caribbean,0.19918489028372544,2012,0.29630427890353417
VNM,South-eastern Asia,0.3039828027997696,2012,0.08961147732204466
YEM,Western Asia,0.11970141955784389,2012,1.0381698608398438
ZAF,Sub-Saharan Africa,0.1966062009358823,2012,-0.5249243842230911
ZMB,Sub-Saharan Africa,0.1966062009358823,2012,-0.29928885565863794
ZWE,Sub-Saharan Africa,0.1966062009358823,2012,0.27104208204481495
AFG,Southern Asia,0.2417285253131201,2013,0.2642349667019275
AGO,Sub-Saharan Africa,0.1966062009358823,2013,1.1606494055853886
ALB,Southern Europe,0.25529253520662787,2013,-0.7043401930067219
ARE,Western Asia,0.11970141955784389,2013,0.9038386874728701
ARG,Latin America and the Caribbean,0.19918489028372544,2013,0.525354597303604
ARM,Western Asia,0.11970141955784389,2013,0.604941897922096
AUS,Australia and New Zealand,0.0062095399886845015,2013,0.3366351657443545
AUT,Western Europe,0.15470879310383043,2013,0.21445380316841067
AZE,Western Asia,0.11970141955784389,2013,0.8968624538845447
BDI,Sub-Saharan Africa,0.1966062009358823,2013,0.17867363823783933
BEL,Western Europe,0.15470879310383043,2013,1.4093089633517764
BEN,Sub-Saharan Africa,0.1966062009358823,2013,0.24237230088975537
BFA,Sub-Saharan Africa,0.1966062009358823,2013,-0.08561579386392992
BGD,Southern Asia,0.2417285253131201,2013,0.3335524664984817
BGR,Eastern Europe,0.266389516800169,2013,-0.8026924133300781
BHR,Western Asia,0.11970141955784389,2013,1.717371198866104
BLR,Eastern Europe,0.266389516800169,2013,0.9756630791558152
BLZ,Latin America and the Caribbean,0.19918489028372544,2013,0.1285603841145857
BOL,Latin America and the Caribbean,0.19918489028372544,2013,-0.41068691677517677
BRA,Latin America and the Caribbean,0.19918489028372544,2013,-0.034671359592017836
BWA,Sub-Saharan Africa,0.1966062009358823,2013,-0.2654431660970076
CAF,Sub-Saharan Africa,0.1966062009358823,2013,-2.4821145799424897
CAN,Northern America,0.03483581542968851,2013,-0.11926608615452494
CHE,Western Europe,0.15470879310383043,2013,-0.17838880750868213
CHL,Latin America and the Caribbean,0.19918489028372544,2013,-0.48165596856010495
CHN,Eastern Asia,0.10904252794053804,2013,0.07122421264648438
CIV,Sub-Saharan Africa,0.1966062009358823,2013,2.4471588134765625
CMR,Sub-Saharan Africa,0.1966062009358823,2013,0.22891998291015625
COD,Sub-Saharan Africa,0.1966062009358823,2013,-1.1797741783989792
COG,Sub-Saharan Africa,0.1966062009358823,2013,-0.220929251776802
COL,Latin America and the Caribbean,0.19918489028372544,2013,-0.18284903632270044
COM,Sub-Saharan Africa,0.1966062009358823,2013,0.26078075832790404
CRI,Latin America and the Caribbean,0.19918489028372544,2013,0.2241778903537437
CYP,Western Asia,0.11970141955784389,2013,-0.12131245930990531
CZE,Eastern Europe,0.266389516800169,2013,-0.06729210747612058
DEU,Western Europe,0.15470879310383043,2013,-0.009869045681426769
DJI,Sub-Saharan Africa,0.1966062009358823,2013,0.7552899254692917
DNK,Northern Europe,0.19307814704047296,2013,0.130651262071396
DOM,Latin America and the Caribbean,0.19918489028372544,2013,-0.036132388644745106
DZA,Northern Africa,-0.17422699802136268,2013,0.9396815829806826
ECU,Latin America and the Caribbean,0.19918489028372544,2013,1.18708928426107
EGY,Northern Africa,-0.17422699802136268,2013,-2.091847949557838
ESP,Southern Europe,0.25529253520662787,2013,-0.9574762980143277
EST,Northern Europe,0.19307814704047296,2013,0.6841193305121465
ETH,Sub-Saharan Africa,0.1966062009358823,2013,-0.0413258870442732
FIN,Northern Europe,0.19307814704047296,2013,-0.1334330240885464
FRA,Western Europe,0.15470879310383043,2013,0.5857662624783018
GAB,Sub-Saharan Africa,0.1966062009358823,2013,1.160941653781471
GBR,Northern Europe,0.19307814704047296,2013,0.4365225897894902
GEO,Western Asia,0.11970141955784389,2013,0.9572906494140625
GHA,Sub-Saharan Africa,0.1966062009358823,2013,0.046762254503036615
GIN,Sub-Saharan Africa,0.1966062009358823,2013,1.0569148593478772
GRC,Southern Europe,0.25529253520662787,2013,0.15443166097005445
GTM,Latin America and the Caribbean,0.19918489028372544,2013,0.27522574530707544
GUY,Latin America and the Caribbean,0.19918489028372544,2013,0.21236334906684107
HKG,Eastern Asia,0.10904252794053804,2013,-0.3335359361436616
HND,Latin America and the Caribbean,0.19918489028372544,2013,-0.9303877088758696
HRV,Southern Europe,0.25529253520662787,2013,0.5601789686414875
HUN,Eastern Europe,0.266389516800169,2013,0.5466618008083799
IDN,South-eastern Asia,0.3039828027997696,2013,0.4161826239691848
IND,Southern Asia,0.2417285253131201,2013,1.5583695305718308
IRL,Northern Europe,0.19307814704047296,2013,0.032491895887588385
IRN,Southern Asia,0.2417285253131201,2013,-0.2201949225531692
IRQ,Western Asia,0.11970141955784389,2013,1.738883548312721
ISL,Northern Europe,0.19307814704047296,2013,0.6623721652560732
ISR,Western Asia,0.11970141955784389,2013,1.0028953552246094
ITA,Southern Europe,0.25529253520662787,2013,-0.46833546956381156
JAM,Latin America and the Caribbean,0.19918489028372544,2013,0.09115854899088305
JOR,Western Asia,0.11970141955784389,2013,1.357119242350258
JPN,Eastern Asia,0.10904252794053804,2013,0.3726039462619468
KAZ,Central Asia,0.4199508788093687,2013,-0.28645070393879735
KEN,Sub-Saharan Africa,0.1966062009358823,2013,1.8479275173611072
KGZ,Central Asia,0.4199508788093687,2013,0.6847377353244397
KHM,South-eastern Asia,0.3039828027997696,2013,-0.5712814331054688
KOR,Eastern Asia,0.10904252794053804,2013,-0.3001717461479956
KWT,Western Asia,0.11970141955784389,2013,-1.926175435384117
LAO,South-eastern Asia,0.3039828027997696,2013,0.8675973680284343
LBN,Western Asia,0.11970141955784389,2013,0.16579903496636206
LBR,Sub-Saharan Africa,0.1966062009358823,2013,-1.5997043185763928
LBY,Northern Africa,-0.17422699802136268,2013,-0.5133906470404739
LKA,Southern Asia,0.2417285253131201,2013,0.15911992390950047
LSO,Sub-Saharan Africa,0.1966062009358823,2013,0.4580489264594192
LTU,Northern Europe,0.19307814704047296,2013,1.1978293524848098
LUX,Western Europe,0.15470879310383043,2013,-2.0140783521864165
LVA,Northern Europe,0.19307814704047296,2013,2.1829931471082915
MAR,Northern Africa,-0.17422699802136268,2013,-0.3626365661621094
MDA,Eastern Europe,0.266389516800169,2013,1.2592705620659714
MDG,Sub-Saharan Africa,0.1966062009358823,2013,1.4049797058105469
MEX,Latin America and the Caribbean,0.19918489028372544,2013,0.1951501634385835
MKD,Southern Europe,0.25529253520662787,2013,2.719150119357643
MLI,Sub-Saharan Africa,0.1966062009358823,2013,1.3826385074191592
MLT,Southern Europe,0.25529253520662787,2013,1.1615740458170478
MNE,Southern Europe,0.25529253520662787,2013,1.578973982069229
MNG,Eastern Asia,0.10904252794053804,2013,0.6545003255208286
MOZ,Sub-Saharan Africa,0.1966062009358823,2013,0.03142441643608862
MRT,Sub-Saharan Africa,0.1966062009358823,2013,-0.07942517598470289
MUS,Sub-Saharan Africa,0.1966062009358823,2013,0.3574307759602817
MWI,Sub-Saharan Africa,0.1966062009358823,2013,-0.15481864081488794
MYS,South-eastern Asia,0.3039828027997696,2013,0.14991929796006787
NAM,Sub-Saharan Africa,0.1966062009358823,2013,0.18017408582898753
NER,Sub-Saharan Africa,0.1966062009358823,2013,-0.2511989805433501
NGA,Sub-Saharan Africa,0.1966062009358823,2013,-1.2258182101779553
NIC,Latin America and the Caribbean,0.19918489028372544,2013,1.000632815890846
NLD,Western Europe,0.15470879310383043,2013,2.458360459911546e-05
NOR,Northern Europe,0.19307814704047296,2013,0.03346930609808396
NPL,Southern Asia,0.2417285253131201,2013,1.8017056783040388
NZL,Australia and New Zealand,0.0062095399886845015,2013,0.7058173285590215
OMN,Western Asia,0.11970141955784389,2013,0.09174516465928662
PAK,Southern Asia,0.2417285253131201,2013,1.1274706522623674
PAN,Latin America and the Caribbean,0.19918489028372544,2013,-0.02800962660047901
PER,Latin America and the Caribbean,0.19918489028372544,2013,-0.08617740207247948
PHL,South-eastern Asia,0.3039828027997696,2013,0.7647442287868955
POL,Eastern Europe,0.266389516800169,2013,-0.3898006015353701
PRT,Southern Europe,0.25529253520662787,2013,0.38098907470703125
PRY,Latin America and the Caribbean,0.19918489028372544,2013,-1.0993190341525576
QAT,Western Asia,0.11970141955784389,2013,0.33514065212673216
ROU,Eastern Europe,0.266389516800169,2013,0.27142122056748974
RUS,Eastern Europe,0.266389516800169,2013,0.753175311618385
RWA,Sub-Saharan Africa,0.1966062009358823,2013,1.149472130669487
SAU,Western Asia,0.11970141955784389,2013,0.5685153537326428
SDN,Northern Africa,-0.17422699802136268,2013,0.11842430962456518
SEN,Sub-Saharan Africa,0.1966062009358823,2013,0.8026309543185803
SGP,South-eastern Asia,0.3039828027997696,2013,-0.07678349812825047
SLE,Sub-Saharan Africa,0.1966062009358823,2013,-1.005838818020294
SLV,Latin America and the Caribbean,0.19918489028372544,2013,0.15667046440972143
SUR,Latin America and the Caribbean,0.19918489028372544,2013,0.11085255940754735
SVK,Eastern Europe,0.266389516800169,2013,0.02715937296549953
SVN,Southern Europe,0.25529253520662787,2013,-0.12499660915798927
SWE,Northern Europe,0.19307814704047296,2013,-0.7167667812771157
SWZ,Sub-Saharan Africa,0.1966062009358823,2013,0.47445233662923414
TCD,Sub-Saharan Africa,0.1966062009358823,2013,-1.0111172993977888
TGO,Sub-Saharan Africa,0.1966062009358823,2013,0.5897541046142578
THA,South-eastern Asia,0.3039828027997696,2013,-0.6754112243652344
TJK,Central Asia,0.4199508788093687,2013,-0.050990634494361586
TTO,Latin America and the Caribbean,0.19918489028372544,2013,-0.5513568454318545
TUN,Northern Africa,-0.17422699802136268,2013,0.9548784891764299
TUR,Western Asia,0.11970141955784389,2013,0.08725696139865136
TZA,Sub-Saharan Africa,0.1966062009358823,2013,-0.5782118903265996
UGA,Sub-Saharan Africa,0.1966062009358823,2013,0.4394527011447451
UKR,Eastern Europe,0.266389516800169,2013,0.5359535217285156
URY,Latin America and the Caribbean,0.19918489028372544,2013,-0.3222130669487768
USA,Northern America,0.03483581542968851,2013,0.33823903401692235
VEN,Latin America and the Caribbean,0.19918489028372544,2013,-1.9441975487603074
VNM,South-eastern Asia,0.3039828027997696,2013,1.7810940212673643
YEM,Western Asia,0.11970141955784389,2013,-0.0444742838541643
ZAF,Sub-Saharan Africa,0.1966062009358823,2013,0.606742435031471
ZMB,Sub-Saharan Africa,0.1966062009358823,2013,0.3577982584635393
ZWE,Sub-Saharan Africa,0.1966062009358823,2013,1.205312305026581
AFG,Southern Asia,0.2417285253131201,2014,-1.3255594041612397
AGO,Sub-Saharan Africa,0.1966062009358823,2014,-1.406231986151795
ALB,Southern Europe,0.25529253520662787,2014,1.066572401258675
ARE,Western Asia,0.11970141955784389,2014,0.32903756035698706
ARG,Latin America and the Caribbean,0.19918489028372544,2014,-0.5619820488823777
ARM,Western Asia,0.11970141955784389,2014,-0.11721886528862768
AUS,Australia and New Zealand,0.0062095399886845015,2014,-0.6590728759765625
AUT,Western Europe,0.15470879310383043,2014,-0.6329078674316406
AZE,Western Asia,0.11970141955784389,2014,-0.07364188300238084
BDI,Sub-Saharan Africa,0.1966062009358823,2014,-0.9651908874511719
BEL,Western Europe,0.15470879310383043,2014,0.1736297607421875
BEN,Sub-Saharan Africa,0.1966062009358823,2014,-0.5420718722873232
BFA,Sub-Saharan Africa,0.1966062009358823,2014,-0.36279699537489307
BGD,Southern Asia,0.2417285253131201,2014,-1.6470345391167527
BGR,Eastern Europe,0.266389516800169,2014,0.5675820244683152
BHR,Western Asia,0.11970141955784389,2014,-0.7755610148112027
BLR,Eastern Europe,0.266389516800169,2014,-1.2425888909233933
BLZ,Latin America and the Caribbean,0.19918489028372544,2014,-0.12906180487738794
BOL,Latin America and the Caribbean,0.19918489028372544,2014,1.37834040323893
BRA,Latin America and the Caribbean,0.19918489028372544,2014,-0.609716203477646
BWA,Sub-Saharan Africa,0.1966062009358823,2014,-0.21830028957790404
CAF,Sub-Saharan Africa,0.1966062009358823,2014,0.4526011149088518
CAN,Northern America,0.03483581542968851,2014,0.07887437608508208
CHE,Western Europe,0.15470879310383043,2014,0.09948433770074416
CHL,Latin America and the Caribbean,0.19918489028372544,2014,0.6016332838270415
CHN,Eastern Asia,0.10904252794053804,2014,0.16900634765625
CIV,Sub-Saharan Africa,0.1966062009358823,2014,0.5445626576741489
CMR,Sub-Saharan Africa,0.1966062009358823,2014,-0.5945320129394531
COD,Sub-Saharan Africa,0.1966062009358823,2014,0.41059303283691406
COG,Sub-Saharan Africa,0.1966062009358823,2014,-0.9676958719889299
COL,Latin America and the Caribbean,0.19918489028372544,2014,0.29531097412109375
COM,Sub-Saharan Africa,0.1966062009358823,2014,0.09265391031901515
CRI,Latin America and the Caribbean,0.19918489028372544,2014,0.24156061808267282
CYP,Western Asia,0.11970141955784389,2014,-1.5459412468804175
CZE,Eastern Europe,0.266389516800169,2014,1.0485801696777344
DEU,Western Europe,0.15470879310383043,2014,0.6171646118164062
DJI,Sub-Saharan Africa,0.1966062009358823,2014,0.11661487155490846
DNK,Northern Europe,0.19307814704047296,2014,-0.200505998399521
DOM,Latin America and the Caribbean,0.19918489028372544,2014,0.5711801317003022
DZA,Northern Africa,-0.17422699802136268,2014,0.043787638346358904
ECU,Latin America and the Caribbean,0.19918489028372544,2014,0.5178366767035598
EGY,Northern Africa,-0.17422699802136268,2014,1.2652013566758953
ESP,Southern Europe,0.25529253520662787,2014,0.3264376322428433
EST,Northern Europe,0.19307814704047296,2014,1.4943678114149321
ETH,Sub-Saharan Africa,0.1966062009358823,2014,-0.34710439046223485
FIN,Northern Europe,0.19307814704047296,2014,0.25481923421223485
FRA,Western Europe,0.15470879310383043,2014,-0.07357745700413432
GAB,Sub-Saharan Africa,0.1966062009358823,2014,-0.9204538133409272
GBR,Northern Europe,0.19307814704047296,2014,-0.16327624850802636
GEO,Western Asia,0.11970141955784389,2014,-0.2999178568522112
GHA,Sub-Saharan Africa,0.1966062009358823,2014,-1.3462460835774692
GIN,Sub-Saharan Africa,0.1966062009358823,2014,-0.3811613718668667
GRC,Southern Europe,0.25529253520662787,2014,1.3553568522135393
GTM,Latin America and the Caribbean,0.19918489028372544,2014,-0.2302097744411924
GUY,Latin America and the Caribbean,0.19918489028372544,2014,-0.15762117173936474
HKG,Eastern Asia,0.10904252794053804,2014,-0.5269368489583428
HND,Latin America and the Caribbean,0.19918489028372544,2014,0.8358014424641951
HRV,Southern Europe,0.25529253520662787,2014,1.3965534634060361
HUN,Eastern Europe,0.266389516800169,2014,-0.5305909050835567
IDN,South-eastern Asia,0.3039828027997696,2014,0.5263909233940964
IND,Southern Asia,0.2417285253131201,2014,-0.060362074110244635
IRL,Northern Europe,0.19307814704047296,2014,0.335673862033417
IRN,Southern Asia,0.2417285253131201,2014,-0.4405028025309221
IRQ,Western Asia,0.11970141955784389,2014,0.5160893334282761
ISL,Northern Europe,0.19307814704047296,2014,-0.36906602647569287
ISR,Western Asia,0.11970141955784389,2014,-1.2913839552137603
ITA,Southern Europe,0.25529253520662787,2014,-0.34639739990234375
JAM,Latin America and the Caribbean,0.19918489028372544,2014,1.1305961608886719
JOR,Western Asia,0.11970141955784389,2014,-0.8385047912597656
JPN,Eastern Asia,0.10904252794053804,2014,-0.17420069376628078
KAZ,Central Asia,0.4199508788093687,2014,0.5700022379557268
KEN,Sub-Saharan Africa,0.1966062009358823,2014,-0.08018790351019334
KGZ,Central Asia,0.4199508788093687,2014,1.3366792466905366
KHM,South-eastern Asia,0.3039828027997696,2014,0.4145651923285598
KOR,Eastern Asia,0.10904252794053804,2014,-1.175240834554046
KWT,Western Asia,0.11970141955784389,2014,0.10947079128689552
LAO,South-eastern Asia,0.3039828027997696,2014,-0.060049268934463385
LBN,Western Asia,0.11970141955784389,2014,-0.3513637118869397
LBR,Sub-Saharan Africa,0.1966062009358823,2014,-1.8499573601616746
LBY,Northern Africa,-0.17422699802136268,2014,-2.341592788696289
LKA,Southern Asia,0.2417285253131201,2014,-0.49836476643879735
LSO,Sub-Saharan Africa,0.1966062009358823,2014,0.14150831434461963
LTU,Northern Europe,0.19307814704047296,2014,0.14240900675455492
LUX,Western Europe,0.15470879310383043,2014,2.782140943739151
LVA,Northern Europe,0.19307814704047296,2014,0.23701604207356297
MAR,Northern Africa,-0.17422699802136268,2014,0.3922381930881116
MDA,Eastern Europe,0.266389516800169,2014,-0.17854521009656565
MDG,Sub-Saharan Africa,0.1966062009358823,2014,0.44022878011067945
MEX,Latin America and the Caribbean,0.19918489028372544,2014,0.16090138753255445
MKD,Southern Europe,0.25529253520662787,2014,0.7204729715983049
MLI,Sub-Saharan Africa,0.1966062009358823,2014,0.6277099185519788
MLT,Southern Europe,0.25529253520662787,2014,1.1473651462131045
MNE,Southern Europe,0.25529253520662787,2014,0.12073940700954466
MNG,Eastern Asia,0.10904252794053804,2014,0.19454828898112453
MOZ,Sub-Saharan Africa,0.1966062009358823,2014,0.20353402031792456
MRT,Sub-Saharan Africa,0.1966062009358823,2014,-0.34425565931532276
MUS,Sub-Saharan Africa,0.1966062009358823,2014,-0.26538806491427636
MWI,Sub-Saharan Africa,0.1966062009358823,2014,-0.8376125759548572
MYS,South-eastern Asia,0.3039828027997696,2014,-0.4291623433430942
NAM,Sub-Saharan Africa,0.1966062009358823,2014,-0.6885600619845889
NER,Sub-Saharan Africa,0.1966062009358823,2014,-0.28777737087673927
NGA,Sub-Saharan Africa,0.1966062009358823,2014,-0.3538271586100237
NIC,Latin America and the Caribbean,0.19918489028372544,2014,-0.4501902262369839
NLD,Western Europe,0.15470879310383043,2014,-0.20288848876953125
NOR,Northern Europe,0.19307814704047296,2014,0.6535093519422759
NPL,Southern Asia,0.2417285253131201,2014,0.018611060248481692
NZL,Australia and New Zealand,0.0062095399886845015,2014,0.08209821912977588
OMN,Western Asia,0.11970141955784389,2014,-0.3783022562662737
PAK,Southern Asia,0.2417285253131201,2014,-1.0631501939561616
PAN,Latin America and the Caribbean,0.19918489028372544,2014,0.06952116224501026
PER,Latin America and the Caribbean,0.19918489028372544,2014,0.2065688239203567
PHL,South-eastern Asia,0.3039828027997696,2014,-0.005722469753692394
POL,Eastern Europe,0.266389516800169,2014,1.4321912129720005
PRT,Southern Europe,0.25529253520662787,2014,0.569427490234375
PRY,Latin America and the Caribbean,0.19918489028372544,2014,-0.6950836181640625
QAT,Western Asia,0.11970141955784389,2014,-0.3873608907063826
ROU,Eastern Europe,0.266389516800169,2014,1.2955411275227888
RUS,Eastern Europe,0.266389516800169,2014,1.6827021704779739
RWA,Sub-Saharan Africa,0.1966062009358823,2014,0.35932668050129735
SAU,Western Asia,0.11970141955784389,2014,-0.002282460530601327
SDN,Northern Africa,-0.17422699802136268,2014,-1.5888815985785598
SEN,Sub-Saharan Africa,0.1966062009358823,2014,1.5489720238579636
SGP,South-eastern Asia,0.3039828027997696,2014,0.18851598103840672
SLE,Sub-Saharan Africa,0.1966062009358823,2014,1.2853285471598284
SLV,Latin America and the Caribbean,0.19918489028372544,2014,0.13228564792208886
SUR,Latin America and the Caribbean,0.19918489028372544,2014,-0.1449940999348911
SVK,Eastern Europe,0.266389516800169,2014,0.6307152642144018
SVN,Southern Europe,0.25529253520662787,2014,0.06236182318794192
SWE,Northern Europe,0.19307814704047296,2014,-0.009805467393661615
SWZ,Sub-Saharan Africa,0.1966062009358823,2014,-0.04974174499511719
TCD,Sub-Saharan Africa,0.1966062009358823,2014,0.8703662024603958
TGO,Sub-Saharan Africa,0.1966062009358823,2014,1.597476111518013
THA,South-eastern Asia,0.3039828027997696,2014,-0.8463990953233491
TJK,Central Asia,0.4199508788093687,2014,0.6822382609049527
TTO,Latin America and the Caribbean,0.19918489028372544,2014,0.09065034654405224
TUN,Northern Africa,-0.17422699802136268,2014,-1.039118025037979
TUR,Western Asia,0.11970141955784389,2014,0.7762400309244839
TZA,Sub-Saharan Africa,0.1966062009358823,2014,-0.29057015313043166
UGA,Sub-Saharan Africa,0.1966062009358823,2014,-1.4292229546440964
UKR,Eastern Europe,0.266389516800169,2014,-0.5487810770670549
URY,Latin America and the Caribbean,0.19918489028372544,2014,0.5526818169487768
USA,Northern America,0.03483581542968851,2014,0.36678314208984375
VEN,Latin America and the Caribbean,0.19918489028372544,2014,-0.9585217369927292
VNM,South-eastern Asia,0.3039828027997696,2014,0.8549694485134509
YEM,Western Asia,0.11970141955784389,2014,-0.32229953342013573
ZAF,Sub-Saharan Africa,0.1966062009358823,2014,0.5356674194335938
ZMB,Sub-Saharan Africa,0.1966062009358823,2014,-0.4234983656141509
ZWE,Sub-Saharan Africa,0.1966062009358823,2014,-0.6047935485839844
